营养素,糖,属于,营养素,碳水化合物
营养素,低聚糖,属于,营养素,碳水化合物
营养素,多糖,属于,营养素,碳水化合物
营养素,单糖,属于,营养素,糖
营养素,糖醇,属于,营养素,糖
营养素,葡萄糖,属于,营养素,单糖
营养素,半乳糖,属于,营养素,单糖
营养素,果糖,属于,营养素,单糖
营养素,蔗糖,属于,营养素,单糖
营养素,乳糖,属于,营养素,单糖
营养素,麦芽糖,属于,营养素,单糖
营养素,山梨糖,属于,营养素,单糖
营养素,糖原,别名,营养素,动物性淀粉
营养素,糖原,属于,营养素,多糖
营养素,淀粉,属于,营养素,多糖
营养素,非淀粉多糖,属于,营养素,多糖
营养素,纤维素,属于,营养素,非淀粉多糖
营养素,半纤维素,属于,营养素,非淀粉多糖
营养素,果胶,属于,营养素,非淀粉多糖
营养素,葡萄糖,提供能量,器官,神经系统
营养素,糖,组成成分,器官,酶
营养素,糖,组成成分,营养素,激素
营养素,糖,组成成分,营养素,核酸
营养素,碳水化合物,有利于,疾病,酮血症
营养素,肝糖,有利于,疾病,解毒
营养素,纤维素,有利于,器官,肠道
营养素,半纤维素,有利于,器官,肠道
营养素,果胶,有利于,器官,肠道
营养素,抗性淀粉,有利于,器官,肠道
营养素,功能性低聚糖,有利于,器官,肠道
营养素,功能性低聚糖,有利于,疾病,糖尿病
营养素,功能性低聚糖,有利于,疾病,肥胖
营养素,功能性低聚糖,有利于,疾病,低血糖
特殊人群,孕妇,易发,疾病,牙龈炎
特殊人群,孕妇,易发,疾病,牙龈出血
特殊人群,孕妇,易发,疾病,胃胀气
特殊人群,孕妇,易发,疾病,消化不良
特殊人群,孕妇,易发,疾病,恶心
特殊人群,孕妇,易发,疾病,呕吐
特殊人群,孕妇,易发,疾病,胃反酸
营养素,维生素,缺乏导致,疾病,胎儿生长缓慢
营养素,维生素,缺乏导致,疾病,先天性畸形
营养素,维生素A,有利于,器官,骨骼生长
营养素,维生素A,有利于,器官,视觉
营养素,维生素A,有利于,器官,生殖系统功能
营养素,维生素A,缺乏导致,疾病,早产
营养素,维生素A,过量导致,疾病,早产
营养素,维生素A,有利于,疾病,缺铁性贫血
营养素,维生素D,缺乏导致,疾病,代谢紊乱
营养素,维生素D,缺乏导致,疾病,低钙血症
营养素,维生素D,缺乏导致,疾病,手足抽搐
营养素,维生素D,缺乏导致,疾病,骨质软化症
营养素,叶酸,缺乏导致,疾病,巨细胞贫血
营养素,叶酸,缺乏导致,疾病,胎盘早剥
营养素,叶酸,缺乏导致,疾病,神经管畸形
营养素,叶酸,过量导致,疾病,乳腺癌
营养素,维生素E,有利于,疾病,溶血症
营养素,维生素B1,缺乏导致,疾病,脚气症
营养素,维生素B2,缺乏导致,疾病,贫血
营养素,维生素C,有利于,器官,抵抗力
营养素,维生素C,有利于,器官,生长发育
营养素,维生素K1,有利于,疾病,缺乏性缺血
营养素,钙,缺乏导致,疾病,骨质软化症
营养素,钙,缺乏导致,疾病,骨质疏松症
营养素,铁,缺乏导致,疾病,贫血
营养素,叶酸,缺乏导致,疾病,贫血
营养素,维生素B12,缺乏导致,疾病,贫血
营养素,钠,过量导致,疾病,妊娠期高血压症
营养素,钙,缺乏导致,疾病,妊娠期高血压症
疾病,妊娠期高血压症,并发,疾病,肺水肿
疾病,妊娠期高血压症,并发,疾病,心衰
疾病,妊娠期高血压症,并发,疾病,凝血功能异常
疾病,妊娠期高血压症,并发,疾病,急性肾衰
疾病,妊娠期高血压症,并发,疾病,肝酶升高
疾病,妊娠期高血压症,并发,疾病,血小板减少
营养素,蛋白质,缺乏导致,疾病,妊娠期营养不良
疾病,妊娠期营养不良,并发,疾病,妊娠期糖尿病
疾病,妊娠期营养不良,并发,疾病,妊娠合并肾炎
疾病,妊娠期营养不良,并发,疾病,妊娠合并心衰
疾病,胎儿生长缓慢,并发,疾病,糖尿病
疾病,胎儿生长缓慢,并发,疾病,高血压
疾病,胎儿生长缓慢,并发,疾病,冠心病
营养素,叶酸,缺乏导致,疾病,胎儿神经管畸形
营养素,维生素A,过量导致,疾病,先天畸形
乳类,乳汁,富含,营养素,蛋白质
乳类,乳汁,富含,营养素,乳糖
乳类,乳汁,富含,营养素,维生素
乳类,乳汁,富含,营养素,水
特殊人群,婴幼儿,易发,疾病,婴幼儿过敏
疾病,婴幼儿过敏,导致,症状,皮疹
疾病,婴幼儿过敏,导致,症状,荨麻疹
疾病,婴幼儿过敏,导致,症状,腹泻
疾病,婴幼儿过敏,导致,症状,哮喘
疾病,婴幼儿过敏,导致,症状,湿疹
疾病,乳糖不耐症,导致,症状,腹泻
疾病,乳糖不耐症,导致,症状,腹痛
疾病,乳糖不耐症,导致,症状,腹胀
疾病,乳糖不耐症,导致,症状,肠鸣
特殊人群,婴幼儿,易发,疾病,佝偻病
营养素,维生素D,缺乏导致,疾病,佝偻病
疾病,佝偻病,并发,疾病,肺炎
疾病,佝偻病,并发,疾病,心肌炎
疾病,佝偻病,并发,疾病,腹泻
鱼虾蟹贝类,鱼肝油,有利于,疾病,佝偻病
乳类,牛乳,富含,营养素,维生素D
畜类,动物肝脏,富含,营养素,维生素D
鱼虾蟹贝类,鱼卵,富含,营养素,维生素D
蛋类,蛋黄,富含,营养素,维生素D
鱼虾蟹贝类,鱼肝油,有利于,疾病,佝偻病
乳类,牛乳,有利于,疾病,佝偻病
畜类,动物肝脏,有利于,疾病,佝偻病
鱼虾蟹贝类,鱼卵,有利于,疾病,佝偻病
蛋类,蛋黄,有利于,疾病,佝偻病
疾病,妊娠期营养不良,并发,疾病,婴儿缺铁性贫血
疾病,妊娠期营养不良,并发,疾病,早产
畜类,肝泥,富含,营养素,铁
畜类,肉末,富含,营养素,铁
蛋类,蛋黄,富含,营养素,铁
干豆类,豆类,富含,营养素,铁
营养素,铁,有利于,疾病,婴儿缺铁性贫血
营养素,维生素C,促进吸收,营养素,铁
畜类,猪肉,富含,营养素,锌
畜类,猪肝,富含,营养素,锌
鱼虾蟹贝类,鱼,富含,营养素,锌
营养素,锌,缺乏导致,疾病,锌缺乏症
营养素,脂类,属于,营养素,营养素
营养素,蛋白质,属于,营养素,营养素
营养素,水,属于,营养素,营养素
营养素,碳水化合物,属于,营养素,营养素
营养素,维生素,属于,营养素,营养素
营养素,矿物质,属于,营养素,营养素
营养素,脂肪,属于,营养素,脂类
营养素,类脂,属于,营养素,脂类
营养素,固醇类,属于,营养素,类脂
营养素,磷脂,属于,营养素,类脂
营养素,微生物多糖,属于,营养素,非淀粉多糖
营养素,植物多糖,属于,营养素,非淀粉多糖
营养素,动物多糖,属于,营养素,非淀粉多糖
营养素,水溶性维生素,属于,营养素,维生素
营养素,脂溶性维生素,属于,营养素,维生素
营养素,维生素A,属于,营养素,维生素
营养素,维生素D,属于,营养素,脂溶性维生素
营养素,维生素E,属于,营养素,脂溶性维生素
营养素,维生素K,属于,营养素,脂溶性维生素
营养素,维生素B1,属于,营养素,水溶性维生素
营养素,维生素B2,属于,营养素,水溶性维生素
营养素,维生素B6,属于,营养素,水溶性维生素
营养素,尼克酸,属于,营养素,水溶性维生素
营养素,泛酸,属于,营养素,水溶性维生素
营养素,叶酸,属于,营养素,水溶性维生素
营养素,维生素B12,属于,营养素,水溶性维生素
营养素,生物素,属于,营养素,水溶性维生素
营养素,维生素C,属于,营养素,水溶性维生素
营养素,常量元素,属于,营养素,矿物质
营养素,微量元素,属于,营养素,矿物质
营养素,钙,属于,营养素,常量元素
营养素,磷,属于,营养素,常量元素
营养素,硫,属于,营养素,常量元素
营养素,钾,属于,营养素,常量元素
营养素,钠,属于,营养素,常量元素
营养素,氯,属于,营养素,常量元素
营养素,镁,属于,营养素,常量元素
营养素,铁,属于,营养素,必须微量元素
营养素,锌,属于,营养素,必须微量元素
营养素,硒,属于,营养素,必须微量元素
营养素,铜,属于,营养素,必须微量元素
营养素,碘,属于,营养素,必须微量元素
营养素,钼,属于,营养素,必须微量元素
营养素,钴,属于,营养素,必须微量元素
营养素,铬,属于,营养素,必须微量元素
营养素,必须微量元素,属于,营养素,微量元素
营养素,非必须微量元素,属于,营养素,微量元素
营养素,锰,属于,营养素,非必须微量元素
营养素,硅,属于,营养素,非必须微量元素
营养素,硼,属于,营养素,非必须微量元素
营养素,矾,属于,营养素,非必须微量元素
营养素,维生素K1,属于,营养素,维生素
营养素,功能性低聚糖,属于,营养素,低聚糖
营养素,糖原,别名,营养素,肝糖
营养素,糖原,别名,营养素,动物淀粉
营养素,糖原,别名,营养素,多糖
营养素,抗性淀粉,属于,营养素,淀粉
薯类,马铃薯,富含,营养素,抗性淀粉
水果类,香蕉,富含,营养素,抗性淀粉
谷类,大米,富含,营养素,抗性淀粉
营养素,抗性淀粉,有利于,疾病,肥胖
营养素,维生素A,有利于,器官,视觉
营养素,维生素A,有利于,器官,骨骼生长
营养素,维生素A,缺乏导致,疾病,夜盲症
营养素,维生素A,缺乏导致,疾病,角膜干燥
营养素,维生素A,缺乏导致,疾病,角膜发炎
营养素,维生素A,缺乏导致,疾病,角膜软化
营养素,维生素D,有利于,疾病,骨骼生长
营养素,维生素D,缺乏导致,疾病,佝偻病
营养素,维生素C,缺乏导致,疾病,免疫力降低
营养素,脂肪,过量导致,疾病,肥胖
营养素,脂肪,过量导致,疾病,心血管疾病
营养素,脂肪,过量导致,疾病,高血压
营养素,维生素B1,缺乏导致,疾病,心机能量代谢不全
营养素,维生素B1,有利于,器官,骨骼
营养素,维生素B1,有利于,器官,牙齿
营养素,维生素B1,有利于,器官,微血管
营养素,维生素A,有利于,器官,骨骼生长
营养素,维生素A,有利于,器官,视觉
特殊人群,老年人,易发,疾病,肌肉萎缩
特殊人群,老年人,易发,疾病,心脏病
特殊人群,老年人,易发,疾病,动脉硬化症
特殊人群,老年人,易发,疾病,老年痴呆
特殊人群,老年人,易发,疾病,心脑血管疾病
特殊人群,老年人,易发,疾病,关节疾病
特殊人群,老年人,易发,疾病,糖尿病
特殊人群,老年人,易发,疾病,恶性肿瘤
特殊人群,老年人,易发,疾病,肺炎
特殊人群,老年人,易发,疾病,支气管炎
特殊人群,老年人,易发,疾病,肺气肿
特殊人群,老年人,易发,疾病,高血压
特殊人群,婴幼儿,易发,疾病,早产
特殊人群,婴幼儿,易发,疾病,缺铁性贫血
特殊人群,婴幼儿,易发,疾病,代谢紊乱
特殊人群,婴幼儿,易发,疾病,贫血
特殊人群,婴幼儿,易发,疾病,抵抗力
特殊人群,婴幼儿,易发,疾病,胎儿生长缓慢
特殊人群,婴幼儿,易发,疾病,巨细胞贫血
特殊人群,婴幼儿,易发,疾病,胎盘早剥
特殊人群,婴幼儿,易发,疾病,神经管畸形
特殊人群,孕妇,易发,疾病,乳腺癌
特殊人群,婴幼儿,易发,疾病,溶血症
特殊人群,婴幼儿,易发,疾病,脚气症
谷类,稻谷,富含,营养素,淀粉
谷类,小麦,富含,营养素,淀粉
谷类,小米,富含,营养素,淀粉
谷类,高粱,富含,营养素,淀粉
谷类,玉米,富含,营养素,淀粉
谷类,燕麦,富含,营养素,淀粉
谷类,谷类,富含,营养素,亚油酸
谷类,谷类种子,富含,营养素,磷脂
谷类,谷类种子,富含,营养素,维生素E
谷类,谷类种子,富含,营养素,维生素B1
谷类,谷类种子,富含,营养素,烟酸
谷类,谷类种子,富含,营养素,磷
谷类,谷类种子,富含,营养素,钾
谷类,谷类种子,富含,营养素,镁
谷类,稻米,富含,营养素,磷脂
谷类,稻米,富含,营养素,磷
谷类,稻米,富含,营养素,钾
谷类,稻米,富含,营养素,镁
谷类,小麦,富含,营养素,淀粉
谷类,小麦,富含,营养素,谷蛋白
谷类,小麦,富含,营养素,醇溶谷蛋白
谷类,小麦,富含,营养素,维生素B1
谷类,玉米,富含,营养素,淀粉
谷类,玉米,富含,非营养素,膳食纤维
谷类,玉米,富含,营养素,醇溶谷蛋白
谷类,玉米,富含,营养素,不饱和脂肪酸
谷类,玉米,富含,营养素,维生素E
谷类,玉米,富含,营养素,磷
谷类,玉米,富含,营养素,钾
谷类,玉米,富含,营养素,镁
谷类,小米,富含,营养素,淀粉
谷类,小米,富含,营养素,醇溶谷蛋白
谷类,小米,富含,营养素,铁
谷类,小米,适宜,特殊人群,孕妇
谷类,燕麦,富含,营养素,淀粉
谷类,燕麦,富含,非营养素,膳食纤维
谷类,燕麦,富含,非营养素,可溶性半纤维素
非营养素,可溶性半纤维素,属于,非营养素,膳食纤维
谷类,燕麦,富含,营养素,赖氨酸
谷类,燕麦,富含,营养素,醇溶谷蛋白
谷类,燕麦,富含,营养素,不饱和脂肪酸
谷类,燕麦,富含,营养素,亚油酸
谷类,燕麦,有利于,疾病,心血管疾病
谷类,燕麦,富含,营养素,维生素E
谷类,燕麦,富含,营养素,钙
谷类,燕麦,富含,营养素,铁
谷类,燕麦,富含,营养素,锌
营养素,不饱和脂肪酸,属于,营养素,脂类
营养素,亚油酸,属于,营养素,不饱和脂肪酸
特殊人群,老年人,易发,疾病,心血管疾病
谷类,大米,富含,营养素,B族维生素
谷类,大米,富含,营养素,米谷蛋白
谷类,大米,富含,营养素,淀粉
薯类,马铃薯,富含,疾病,坏血病
薯类,马铃薯,富含,营养素,维生素C
薯类,马铃薯,有利于,疾病,心血管疾病
薯类,马铃薯,有利于,疾病,中风
薯类,马铃薯,有利于,疾病,高血压
薯类,马铃薯,有利于,疾病,便秘
谷类,玉米,别名,谷类,龙须
营养素,卵磷脂,属于,营养素,磷脂
营养素,卵磷脂,别名,营养素,蛋黄素
营养素,卵磷脂,有利于,特殊人群,婴幼儿
营养素,卵磷脂,有利于,特殊人群,老年人
营养素,卵磷脂,有利于,疾病,糖尿病
营养素,卵磷脂,有利于,疾病,胆结石
营养素,卵磷脂,有利于,疾病,便秘
谷类,玉米,富含,营养素,维生素A
谷类,玉米,富含,营养素,维生素D
谷类,玉米,富含,营养素,维生素E
谷类,玉米,富含,营养素,油酸
谷类,玉米,富含,营养素,亚油酸
谷类,玉米,有利于,特殊人群,婴幼儿
谷类,玉米,有利于,疾病,心脑血管疾病
谷类,玉米,有利于,疾病,夜盲症
谷类,玉米,有利于,疾病,干眼症
谷类,玉米,有利于,疾病,支气管疾病
水果类,香蕉,富含,营养素,蛋白质
水果类,香蕉,富含,营养素,淀粉
水果类,香蕉,富含,营养素,果胶
水果类,香蕉,富含,营养素,钙
水果类,香蕉,富含,营养素,磷
水果类,香蕉,富含,营养素,铁
水果类,香蕉,富含,营养素,钾
水果类,香蕉,富含,非营养素,胡罗卜素
水果类,香蕉,富含,营养素,维生素B1
水果类,香蕉,富含,营养素,维生素B2
水果类,香蕉,富含,营养素,维生素C
水果类,香蕉,有利于,疾病,高血压
营养素,钾,有利于,疾病,高血压
谷类,高粱,富含,营养素,色氨酸
谷类,高粱,富含,营养素,赖氨酸
谷类,高粱,富含,营养素,矿物质
谷类,高粱,富含,营养素,维生素
谷类,高粱,富含,营养素,钙
谷类,高粱,富含,营养素,磷
谷类,高粱,富含,营养素,维生素B1
谷类,高粱,富含,营养素,维生素B6
谷类,高粱,富含,营养素,烟酸
谷类,高粱,富含,营养素,饱和脂肪酸
谷类,大豆,富含,营养素,赖氨酸
谷类,大豆,富含,营养素,不饱和脂肪酸
谷类,大豆,富含,营养素,亚油酸
谷类,大豆,富含,营养素,油酸
谷类,大豆,富含,营养素,维生素E
谷类,大豆,富含,非营养素,类胡罗卜素
谷类,大豆,富含,营养素,铁
谷类,大豆,富含,营养素,锰
谷类,大豆,富含,营养素,锌
谷类,大豆,富含,营养素,铜
谷类,大豆,富含,营养素,硒
谷类,大豆,富含,营养素,维生素B1
谷类,大豆,富含,营养素,维生素B2
谷类,大豆,富含,营养素,钙
谷类,大豆,富含,营养素,磷
谷类,大豆,有利于,疾病,心血管疾病
谷类,大豆,有利于,疾病,肿瘤
谷类,大豆,富含,营养素,色氨酸
谷类,大豆,有利于,疾病,便秘
谷类,大豆,有利于,疾病,腹泻
谷类,大豆,富含,营养素,维生素E
谷类,花生,富含,营养素,油酸
营养素,油酸,有利于,疾病,心血管疾病
谷类,花生,有利于,疾病,高血脂
畜类,瘦肉,富含,畜类,猪肉
畜类,肥肉,富含,畜类,猪肉
畜类,肥肉,富含,营养素,脂肪
畜类,瘦肉,富含,营养素,蛋白质
畜类,瘦肉,富含,营养素,维生素B1
畜类,瘦肉,富含,营养素,维生素B2
畜类,瘦肉,富含,营养素,磷
畜类,瘦肉,富含,营养素,钙
畜类,瘦肉,富含,营养素,铁
畜类,牛肉,富含,营养素,肌氨酸
畜类,牛肉,富含,营养素,维生素B6
畜类,牛肉,富含,营养素,亚油酸
畜类,牛肉,富含,营养素,肉毒碱
畜类,牛肉,富含,营养素,钾
畜类,牛肉,富含,营养素,锌
畜类,牛肉,富含,营养素,镁
畜类,牛肉,富含,营养素,铁
畜类,牛肉,富含,营养素,丙氨酸
畜类,牛肉,富含,营养素,维生素B12
鱼虾蟹贝类,鲫鱼,有利于,特殊人群,孕妇
鱼虾蟹贝类,鲫鱼,属于,鱼虾蟹贝类,鱼
鱼虾蟹贝类,鱼,富含,营养素,完全蛋白质
鱼虾蟹贝类,完全蛋白质,属于,营养素,蛋白质
鱼虾蟹贝类,鱼,富含,营养素,不饱和脂肪酸
鱼虾蟹贝类,鱼,富含,营养素,磺
鱼虾蟹贝类,鱼,富含,营养素,磷
鱼虾蟹贝类,鱼,富含,营养素,钙
鱼虾蟹贝类,鱼,富含,营养素,铁
鱼虾蟹贝类,鱼,富含,营养素,维生素A
鱼虾蟹贝类,鱼,富含,营养素,维生素D
鱼虾蟹贝类,鱼,富含,营养素,维生素B1
鱼虾蟹贝类,鱼,富含,营养素,尼克酸
鱼虾蟹贝类,鱼,有利于,疾病,高血脂
鱼虾蟹贝类,鱼,有利于,疾病,糖尿病
鱼虾蟹贝类,鱼,有利于,疾病,高血压
鱼虾蟹贝类,鱼,有利于,疾病,卵磷脂
鱼虾蟹贝类,鱼,有利于,疾病,骨质疏松症
鱼虾蟹贝类,鱼,有利于,特殊人群,老年人
鱼虾蟹贝类,鱼,不利于,疾病,血友病
鱼虾蟹贝类,鱼,不利于,营养素,维生素K
鱼虾蟹贝类,鱼,不利于,疾病,结核
鱼虾蟹贝类,海鱼,不利于,特殊人群,孕妇
鱼虾蟹贝类,海鱼,属于,鱼虾蟹贝类,鱼
鱼虾蟹贝类,虾,相克,水果类,葡萄
鱼虾蟹贝类,虾,相克,水果类,石榴
鱼虾蟹贝类,虾,相克,水果类,山楂
鱼虾蟹贝类,虾,相克,水果类,柿子
鱼虾蟹贝类,虾,富含,营养素,钙
鱼虾蟹贝类,虾,富含,营养素,甲壳质
营养素,甲壳质,属于,营养素,多糖
鱼虾蟹贝类,虾,富含,营养素,镁
鱼虾蟹贝类,虾,有利于,疾病,高血压
鱼虾蟹贝类,虾,有利于,疾病,心肌梗死
鱼虾蟹贝类,虾,有利于,疾病,心血管疾病
鱼虾蟹贝类,虾,有利于,疾病,动脉硬化症
蔬菜类,茄子,富含,营养素,维生素P
蔬菜类,茄子,富含,营养素,磷
蔬菜类,茄子,富含,营养素,钙
蔬菜类,茄子,富含,营养素,钾
蔬菜类,茄子,富含,营养素,维生素C
蔬菜类,茄子,富含,疾病,痛经
蔬菜类,茄子,富含,疾病,胃炎
蔬菜类,茄子,富含,疾病,高血脂
蔬菜类,茄子,富含,疾病,高血压
蔬菜类,茄子,不利于,疾病,腹泻
蔬菜类,茄子,不利于,特殊人群,孕妇
蔬菜类,茄子,不利于,特殊人群,老人
蔬菜类,茄子,不利于,疾病,肥胖
蔬菜类,茄子,不利于,疾病,哮喘
蔬菜类,生菜,有利于,疾病,胃癌
蔬菜类,生菜,有利于,疾病,肝癌
蔬菜类,生菜,有利于,营养素,维生素E
蔬菜类,生菜,有利于,非营养素,胡萝卜素
蔬菜类,生菜,有利于,器官,视力
蔬菜类,生菜,有利于,非营养素,膳食纤维
蔬菜类,生菜,有利于,疾病,肥胖
蔬菜类,生菜,富含,非营养素,β胡罗卜素
蔬菜类,生菜,富含,营养素,维生素B1
蔬菜类,生菜,富含,营养素,维生素B6
蔬菜类,生菜,富含,营养素,维生素E
蔬菜类,生菜,富含,营养素,维生素C
蔬菜类,生菜,富含,营养素,镁
蔬菜类,生菜,富含,营养素,磷
蔬菜类,生菜,富含,营养素,钙
营养素,维生素P,属于,营养素,维生素
营养素,米谷蛋白,属于,营养素,蛋白质
蔬菜类,姜,富含,非营养素,胡萝卜素
蔬菜类,姜,富含,营养素,钙
蔬菜类,姜,富含,营养素,铁
蔬菜类,姜,富含,营养素,磷
蔬菜类,姜,有利于,症状,腹痛
蔬菜类,姜,有利于,症状,腹泻
蔬菜类,姜,有利于,疾病,风寒
蔬菜类,姜,有利于,疾病,肿瘤
菌藻类,金针菇,富含,营养素,维生素B1
菌藻类,金针菇,富含,营养素,维生素B2
菌藻类,金针菇,富含,营养素,维生素C
菌藻类,金针菇,富含,营养素,钙
菌藻类,金针菇,富含,营养素,磷
菌藻类,金针菇,富含,营养素,铁
菌藻类,金针菇,富含,营养素,精氨酸
菌藻类,金针菇,富含,营养素,赖氨酸
菌藻类,金针菇,有利于,器官,肝
菌藻类,金针菇,有利于,器官,肠胃
菌藻类,金针菇,有利于,器官,肿瘤
菌藻类,金针菇,富含,营养素,金针菇多糖
营养素,金针菇多糖,富含,营养素,多糖
营养素,金针菇多糖,有利于,疾病,癌症
营养素,金针菇多糖,有利于,疾病,肿瘤
菌藻类,金针菇,富含,非营养素,膳食纤维
非营养素,膳食纤维,有利于,疾病,肥胖
菌藻类,金针菇,有利于,疾病,高血脂
菌藻类,香菇,富含,营养素,不饱和脂肪酸
菌藻类,香菇,富含,营养素,亚油酸
菌藻类,香菇,富含,营养素,油酸
菌藻类,香菇,有利于,疾病,高血脂
菌藻类,香菇,富含,营养素,钙
菌藻类,香菇,富含,营养素,磷
菌藻类,香菇,富含,营养素,铁
菌藻类,香菇,富含,营养素,锰
菌藻类,香菇,富含,营养素,锌
菌藻类,香菇,富含,营养素,铜
菌藻类,香菇,富含,营养素,镁
菌藻类,香菇,富含,营养素,硒
菌藻类,香菇,富含,营养素,多糖
菌藻类,香菇,富含,营养素,葡萄糖
菌藻类,香菇,富含,营养素,糖原
菌藻类,香菇,有利于,疾病,佝偻病
菌藻类,香菇,富含,营养素,香菇多糖
营养素,香菇多糖,有利于,疾病,肿瘤
营养素,香菇多糖,有利于,疾病,胃癌
营养素,香菇多糖,有利于,疾病,鼻咽癌
营养素,香菇多糖,有利于,疾病,直肠癌
营养素,香菇多糖,有利于,疾病,乳腺癌
菌藻类,香菇,有利于,特殊人群,孕妇
菌藻类,香菇,有利于,疾病,高血压
菌藻类,香菇,有利于,疾病,心脑血管疾病
菌藻类,香菇,有利于,疾病,肝病
菌藻类,香菇,有利于,疾病,贫血
营养素,铁,有利于,疾病,贫血
营养素,铁,有利于,疾病,佝偻病
营养素,亚麻酸,属于,营养素,不饱和脂肪酸
营养素,油酸,属于,营养素,不饱和脂肪酸
营养素,完全蛋白质,属于,营养素,蛋白质
营养素,饱和脂肪酸,属于,营养素,脂类
营养素,维生素B1,属于,营养素,B族维生素
营养素,维生素B2,属于,营养素,B族维生素
营养素,尼克酸,属于,营养素,B族维生素
营养素,泛酸,属于,营养素,B族维生素
营养素,维生素B6,属于,营养素,B族维生素
营养素,叶酸,属于,营养素,B族维生素
营养素,维生素B12,属于,营养素,B族维生素
营养素,生物素,属于,营养素,B族维生素
营养素,胆碱,属于,营养素,B族维生素
营养素,必须氨基酸,属于,营养素,氨基酸
营养素,苯丙氨酸,属于,营养素,必须氨基酸
营养素,亮氨酸,属于,营养素,必须氨基酸
营养素,赖氨酸,属于,营养素,必须氨基酸
营养素,蛋氨酸,属于,营养素,必须氨基酸
营养素,异亮氨酸,属于,营养素,必须氨基酸
营养素,苏氨酸,属于,营养素,必须氨基酸
营养素,色氨酸,属于,营养素,必须氨基酸
营养素,硫磺酸,属于,营养素,氨基酸
营养素,氨基酸,组成成分,营养素,蛋白质
乳类,乳汁,富含,营养素,牛磺酸
营养素,牛磺酸,有利于,疾病,心律失常
营养素,牛磺酸,有利于,疾病,心肌缺血
营养素,牛磺酸,有利于,器官,视力
畜类,鸡肉,富含,营养素,牛磺酸
畜类,牛肉,富含,营养素,牛磺酸
畜类,猪肉,富含,营养素,牛磺酸
鱼虾蟹贝类,金枪鱼,富含,营养素,牛磺酸
鱼虾蟹贝类,虾,富含,营养素,牛磺酸
鱼虾蟹贝类,扇贝,富含,营养素,牛磺酸
鱼虾蟹贝类,鱿鱼,富含,营养素,牛磺酸
乳类,牛奶,富含,营养素,牛磺酸
营养素,精氨酸,有利于,疾病,肿瘤
营养素,精氨酸,有利于,疾病,败血病
营养素,精氨酸,有利于,疾病,冠心病
干豆类,蚕豆,富含,营养素,精氨酸
干豆类,黄豆,富含,营养素,精氨酸
干豆类,核桃,富含,营养素,精氨酸
干豆类,花生,富含,营养素,精氨酸
畜类,牛肉,富含,营养素,精氨酸
畜类,鸡肉,富含,营养素,精氨酸
鱼虾蟹贝类,干贝,富含,营养素,精氨酸
鱼虾蟹贝类,墨鱼,富含,营养素,精氨酸
鱼虾蟹贝类,虾,富含,营养素,精氨酸
营养素,谷氨酰胺,有利于,器官,胰腺
营养素,谷氨酰胺,有利于,器官,肠道
营养素,谷氨酰胺,属于,营养素,氨基酸
营养素,谷胱甘肽,属于,营养素,蛋白质
疾病,冠心病,属于,疾病,心脑血管疾病
疾病,心脑血管疾病,导致,症状,胸闷
疾病,心脑血管疾病,导致,症状,心悸
疾病,心脑血管疾病,导致,症状,心律不齐
疾病,心脑血管疾病,导致,症状,胸闷
疾病,心脑血管疾病,导致,症状,水肿
疾病,高血压,属于,疾病,心脑血管疾病
疾病,高血脂,属于,疾病,心脑血管疾病
疾病,脑卒中,别名,疾病,中风
疾病,脑卒中,属于,疾病,心脑血管疾病
乳类,酸奶,相克,水果类,香蕉
乳类,酸奶,相克,大豆类,黄豆
乳类,酸奶,富含,营养素,钙
乳类,酸奶,富含,营养素,维生素
营养素,乳糖,促进吸收,营养素,钙
营养素,乳糖,促进吸收,营养素,铁
营养素,乳糖,促进吸收,营养素,锌
乳类,牛奶,富含,营养素,钙
乳类,牛奶,富含,营养素,磷
乳类,牛奶,富含,营养素,钾
乳类,牛奶,富含,营养素,硫
乳类,牛奶,富含,营养素,镁
乳类,牛奶,富含,营养素,铜
乳类,牛奶,富含,营养素,锌
乳类,牛奶,富含,营养素,锰
营养素,香菇多糖,属于,营养素,植物多糖
营养素,磺,属于,营养素,矿物质
营养素,丙氨酸,属于,营养素,氨基酸
营养素,肉毒碱,属于,营养素,氨基酸
营养素,醇溶谷蛋白,属于,营养素,蛋白质
营养素,谷蛋白,属于,营养素,蛋白质
营养素,维生素B3,属于,营养素,维生素
营养素,维生素B3,属于,营养素,烟酸
营养素,精氨酸,属于,营养素,氨基酸
营养素,肌氨酸,属于,营养素,氨基酸
营养素,牛磺酸,属于,营养素,氨基酸
大豆类,花生,有利于,疾病,糖尿病
坚果类,核桃,有利于,疾病,糖尿病
坚果类,榛子,有利于,疾病,糖尿病
坚果类,核桃,有利于,特殊人群,儿童
坚果类,核桃,富含,营养素,钙
坚果类,核桃,富含,营养素,铁
坚果类,核桃,富含,营养素,磷
坚果类,核桃,富含,营养素,锌
坚果类,核桃,富含,营养素,亚油酸
坚果类,核桃,有利于,疾病,心血管疾病
坚果类,核桃,富含,非营养素,胡罗卜素
坚果类,核桃,富含,营养素,脂肪酸
坚果类,核桃,富含,营养素,维生素E
营养素,维生素E,有利于,特殊人群,孕妇
坚果类,核桃,富含,营养素,维生素B
坚果类,核桃,有利于,疾病,缺铁性贫血
坚果类,榛子,富含,营养素,不饱和脂肪酸
坚果类,榛子,富含,营养素,维生素E
营养素, 维生素E,有利于,疾病,血管硬化
坚果类,榛子,富含,营养素,紫衫酚
营养素,紫衫酚,有利于,疾病,卵巢癌
营养素,紫衫酚,有利于,疾病,乳腺癌
坚果类,榛子,有利于,疾病,心脑血管疾病
坚果类,榛子,富含,营养素,镁
坚果类,榛子,富含,营养素,钙
坚果类,榛子,富含,营养素,钾
坚果类,榛子,有利于,疾病,高血压
坚果类,榛子,有利于,器官,视力
营养素,辅酶q10,有利于,疾病,心血管疾病
营养素,精氨酸,有利于,疾病,心血管疾病
营养素,叶酸,有利于,疾病,心血管疾病
菌藻类,黑木耳,有利于,疾病,心血管疾病
蔬菜类,大蒜,有利于,疾病,心血管疾病
蔬菜类,洋葱,有利于,疾病,心血管疾病
蔬菜类,菠菜,富含,营养素,辅酶q10
蔬菜类,花椰菜,富含,营养素,辅酶q10
畜类,牛肉,富含,营养素,辅酶q11
畜类,猪肝,富含,营养素,辅酶q12
畜类,鹿茸,富含,营养素,精氨酸
蔬菜类,菠菜,富含,营养素,叶酸
蔬菜类,芦荟,富含,营养素,叶酸
蔬菜类,苹果,富含,营养素,叶酸
畜类,猪油,不利于,疾病,心血管疾病
畜类,牛油,不利于,疾病,心血管疾病
乳类,奶油,不利于,疾病,心血管疾病
蛋类,蛋黄,不利于,疾病,心血管疾病
畜类,肥肉,不利于,疾病,心血管疾病
蔬菜类,花椰菜,有利于,疾病,心血管疾病
蔬菜类,菠菜,有利于,疾病,心血管疾病
蔬菜类,花椰菜,富含,营养素,叶酸
蔬菜类,菠菜,富含,营养素,叶酸
水果类,橘子,富含,营养素,叶酸
蛋类,蛋黄,富含,营养素,卵磷脂
乳类,牛奶,富含,营养素,卵磷脂
大豆类,大豆,富含,营养素,卵磷脂
乳类,酵母,富含,营养素,卵磷脂
营养素,卵磷脂,有利于,器官,大脑
营养素,卵磷脂,有利于,疾病,高血脂
营养素,卵磷脂,有利于,疾病,冠心病
营养素,卵磷脂,有利于,器官,心脏
